case,motor,kp,ki,kd,target,phase,t,erpm,iq,id,imotor,iin,duty,vq,vd,fault
right_kp0.002_ki0.001_+300,right,0.002,0.001,0.0,300,run,0.00037619200156768784,0.0,0.0,0.0,0.0,0.0,0.0,0.0,0.0,0
right_kp0.002_ki0.001_+300,right,0.002,0.001,0.0,300,run,0.05557822500122711,0.0,0.19,0.0,0.2,0.0,0.088,1.878,-0.125,0
right_kp0.002_ki0.001_+300,right,0.002,0.001,0.0,300,run,0.11151576599877444,0.0,0.22,0.01,0.22,0.02,0.069,1.456,-0.237,0
right_kp0.002_ki0.001_+300,right,0.002,0.001,0.0,300,run,0.16632920199845103,0.0,0.11,-0.01,0.11,0.0,0.056,1.203,0.009,0
right_kp0.002_ki0.001_+300,right,0.002,0.001,0.0,300,run,0.22121341100137215,0.0,0.22,0.0,0.22,0.0,0.063,1.354,-0.037,0
right_kp0.002_ki0.001_+300,right,0.002,0.001,0.0,300,run,0.2758340930013219,211.0,0.19,0.0,0.19,0.02,0.069,1.478,-0.069,0
right_kp0.002_ki0.001_+300,right,0.002,0.001,0.0,300,run,0.33068112199907773,191.0,0.13,0.0,0.14,0.02,0.079,1.674,-0.226,0
right_kp0.002_ki0.001_+300,right,0.002,0.001,0.0,300,run,0.385322919999453,220.0,0.15,-0.01,0.15,0.0,0.066,1.417,-0.087,0
right_kp0.002_ki0.001_+300,right,0.002,0.001,0.0,300,run,0.440105573998153,218.0,0.16,0.01,0.16,0.0,0.08,1.702,-0.273,0
right_kp0.002_ki0.001_+300,right,0.002,0.001,0.0,300,run,0.4946875089990499,222.0,0.16,0.0,0.16,0.02,0.071,1.506,-0.186,0
right_kp0.002_ki0.001_+300,right,0.002,0.001,0.0,300,run,0.5492474419988866,217.0,0.14,0.0,0.14,0.0,0.054,1.159,-0.102,0
right_kp0.002_ki0.001_+300,right,0.002,0.001,0.0,300,run,0.6038992319990939,197.0,0.2,0.0,0.2,0.02,0.073,1.549,-0.232,0
right_kp0.002_ki0.001_+300,right,0.002,0.001,0.0,300,run,0.6587435859983088,225.0,0.16,0.0,0.16,0.02,0.076,1.607,-0.235,0
right_kp0.002_ki0.001_+300,right,0.002,0.001,0.0,300,run,0.7135363730012614,223.0,0.12,0.0,0.12,0.0,0.059,1.257,-0.131,0
right_kp0.002_ki0.001_+300,right,0.002,0.001,0.0,300,run,0.7674178310007846,230.0,0.21,0.0,0.21,0.02,0.075,1.615,-0.089,0
right_kp0.002_ki0.001_+300,right,0.002,0.001,0.0,300,run,0.8222150959991268,232.0,0.14,0.0,0.14,0.02,0.071,1.509,-0.193,0
right_kp0.002_ki0.001_+300,right,0.002,0.001,0.0,300,run,0.8770196650002617,219.0,0.16,0.0,0.16,0.02,0.07,1.487,-0.199,0
right_kp0.002_ki0.001_+300,right,0.002,0.001,0.0,300,run,0.9319915669984766,238.0,0.18,0.0,0.18,0.02,0.078,1.663,-0.183,0
right_kp0.002_ki0.001_+300,right,0.002,0.001,0.0,300,run,0.9868396659985592,238.0,0.13,0.0,0.13,0.0,0.064,1.373,-0.007,0
right_kp0.002_ki0.001_+300,right,0.002,0.001,0.0,300,run,1.041757087001315,221.0,0.2,0.0,0.2,0.0,0.076,1.619,-0.164,0
right_kp0.002_ki0.001_+300,right,0.002,0.001,0.0,300,run,1.0954636079986813,236.0,0.16,0.01,0.16,0.02,0.074,1.569,-0.288,0
right_kp0.002_ki0.001_+300,right,0.002,0.001,0.0,300,run,1.1501749160015606,220.0,0.17,0.0,0.18,0.02,0.068,1.453,-0.125,0
right_kp0.002_ki0.001_+300,right,0.002,0.001,0.0,300,run,1.20504862999951,237.0,0.16,0.0,0.16,0.02,0.078,1.654,-0.196,0
right_kp0.002_ki0.001_+300,right,0.002,0.001,0.0,300,run,1.2593538260007335,246.0,0.16,-0.01,0.16,0.02,0.074,1.588,-0.001,0
right_kp0.002_ki0.001_+300,right,0.002,0.001,0.0,300,run,1.3139016899986018,235.0,0.2,0.0,0.2,0.02,0.078,1.657,-0.226,0
right_kp0.002_ki0.001_+300,right,0.002,0.001,0.0,300,run,1.3687286929998663,241.0,0.15,0.0,0.15,0.02,0.069,1.478,-0.144,0
right_kp0.002_ki0.001_+300,right,0.002,0.001,0.0,300,run,1.42345350100004,230.0,0.17,0.0,0.17,0.02,0.073,1.555,0.032,0
right_kp0.002_ki0.001_+300,right,0.002,0.001,0.0,300,run,1.4780421819996263,250.0,0.17,0.01,0.17,0.02,0.083,1.764,-0.202,0
right_kp0.002_ki0.001_+300,right,0.002,0.001,0.0,0,stop,1.2140008038841188e-06,246.0,0.17,-0.01,0.17,0.02,0.069,1.475,-0.059,0
right_kp0.002_ki0.001_+300,right,0.002,0.001,0.0,0,stop,0.055812979000620544,238.0,0.02,0.0,0.09,0.0,-0.063,-1.358,-0.097,0
right_kp0.002_ki0.001_+300,right,0.002,0.001,0.0,0,stop,0.11086245700062136,-291.0,-0.09,0.01,0.09,0.0,-0.031,-0.53,-0.397,0
right_kp0.002_ki0.001_+300,right,0.002,0.001,0.0,0,stop,0.1657401199991,-291.0,-0.02,0.0,0.03,0.0,-0.019,-0.218,-0.356,0
right_kp0.002_ki0.001_+300,right,0.002,0.001,0.0,0,stop,0.22061186599967186,-291.0,0.0,0.0,0.01,0.0,-0.016,-0.147,-0.309,0
right_kp0.002_ki0.001_+300,right,0.002,0.001,0.0,0,stop,0.275471042998106,-291.0,0.0,0.0,0.0,0.0,-0.017,-0.131,-0.333,0
right_kp0.002_ki0.001_+300,right,0.002,0.001,0.0,0,stop,0.3303325679989939,-291.0,0.0,0.0,0.0,0.0,-0.013,-0.108,-0.251,0
right_kp0.002_ki0.001_+300,right,0.002,0.001,0.0,0,stop,0.38522514599753777,-291.0,0.0,0.0,0.0,0.0,-0.014,-0.105,-0.29,0
right_kp0.002_ki0.001_+300,right,0.002,0.001,0.0,0,stop,0.4400939449988073,-291.0,0.0,0.0,0.0,0.0,-0.013,-0.091,-0.256,0
right_kp0.002_ki0.001_+300,right,0.002,0.001,0.0,0,stop,0.49500352799805114,-291.0,0.0,0.0,0.0,0.0,-0.013,-0.064,-0.263,0
right_kp0.002_ki0.001_+300,right,0.002,0.001,0.0,0,stop,0.5502224400006526,-291.0,0.0,0.0,0.0,0.0,-0.014,-0.08,-0.282,0
right_kp0.002_ki0.001_+300,right,0.002,0.001,0.0,0,stop,0.605065908999677,0.0,0.0,0.0,0.0,0.0,-0.015,-0.089,-0.301,0
right_kp0.002_ki0.001_+300,right,0.002,0.001,0.0,0,stop,0.6604184299976623,0.0,0.0,0.0,0.0,0.0,-0.012,-0.076,-0.243,0
right_kp0.002_ki0.001_+300,right,0.002,0.001,0.0,0,stop,0.7155890009998984,0.0,0.0,0.0,0.0,0.0,-0.013,-0.091,-0.267,0
right_kp0.002_ki0.001_+300,right,0.002,0.001,0.0,0,stop,0.7704579119999835,0.0,0.0,0.0,0.0,0.0,-0.013,-0.086,-0.263,0
right_kp0.002_ki0.001_+300,right,0.002,0.001,0.0,0,stop,0.8255054759974882,0.0,0.0,0.0,0.0,0.0,-0.014,-0.091,-0.295,0
right_kp0.002_ki0.001_+300,right,0.002,0.001,0.0,0,stop,0.8803560759988613,0.0,0.0,0.0,0.0,0.0,-0.016,-0.127,-0.315,0
right_kp0.002_ki0.001_+300,right,0.002,0.001,0.0,0,stop,0.9354129799976363,0.0,0.0,0.0,0.0,0.0,-0.015,-0.081,-0.318,0
right_kp0.002_ki0.001_+300,right,0.002,0.001,0.0,0,stop,0.9904932969984657,0.0,0.0,0.0,0.01,0.0,-0.014,-0.108,-0.292,0
right_kp0.002_ki0.001_+300,right,0.002,0.001,0.0,0,stop,1.0453777469992929,0.0,0.0,0.0,0.0,0.0,-0.015,-0.098,-0.307,0
right_kp0.002_ki0.001_+300,right,0.002,0.001,0.0,0,stop,1.1002841879999323,0.0,0.0,0.0,0.0,0.0,-0.014,-0.119,-0.284,0
right_kp0.002_ki0.001_+300,right,0.002,0.001,0.0,0,stop,1.1551838739978848,0.0,0.0,0.0,0.0,0.0,-0.017,-0.122,-0.334,0
right_kp0.002_ki0.001_-300,right,0.002,0.001,0.0,-300,run,0.00021751999884145334,0.0,0.0,0.0,0.0,0.0,-0.012,-0.067,-0.251,0
right_kp0.002_ki0.001_-300,right,0.002,0.001,0.0,-300,run,0.05483583000022918,-26.0,-0.19,0.01,0.19,0.0,-0.082,-1.676,-0.538,0
right_kp0.002_ki0.001_-300,right,0.002,0.001,0.0,-300,run,0.10971047500061104,-26.0,-0.18,-0.01,0.18,0.02,-0.073,-1.527,-0.32,0
right_kp0.002_ki0.001_-300,right,0.002,0.001,0.0,-300,run,0.16450049199920613,-26.0,-0.12,-0.01,0.13,0.0,-0.052,-1.122,-0.094,0
right_kp0.002_ki0.001_-300,right,0.002,0.001,0.0,-300,run,0.21926005199929932,-25.0,-0.22,0.0,0.22,0.02,-0.067,-1.425,-0.172,0
right_kp0.002_ki0.001_-300,right,0.002,0.001,0.0,-300,run,0.2742450279984041,-171.0,-0.2,0.0,0.2,0.02,-0.071,-1.508,-0.149,0
right_kp0.002_ki0.001_-300,right,0.002,0.001,0.0,-300,run,0.3290347649999603,-162.0,-0.17,0.0,0.17,0.02,-0.061,-1.28,-0.249,0
right_kp0.002_ki0.001_-300,right,0.002,0.001,0.0,-300,run,0.38380144699840457,-149.0,-0.17,0.0,0.17,0.02,-0.072,-1.533,-0.146,0
right_kp0.002_ki0.001_-300,right,0.002,0.001,0.0,-300,run,0.4383052829980443,-212.0,-0.18,0.0,0.18,0.02,-0.075,-1.589,-0.249,0
right_kp0.002_ki0.001_-300,right,0.002,0.001,0.0,-300,run,0.49286493999898084,-201.0,-0.18,0.0,0.18,0.02,-0.071,-1.503,-0.23,0
right_kp0.002_ki0.001_-300,right,0.002,0.001,0.0,-300,run,0.5473705900003552,-210.0,-0.17,0.01,0.17,0.0,-0.076,-1.616,-0.251,0
right_kp0.002_ki0.001_-300,right,0.002,0.001,0.0,-300,run,0.602122143998713,-225.0,-0.15,0.0,0.15,0.02,-0.061,-1.281,-0.296,0
right_kp0.002_ki0.001_-300,right,0.002,0.001,0.0,-300,run,0.6568872229981935,-212.0,-0.16,0.0,0.16,0.02,-0.067,-1.423,-0.146,0
right_kp0.002_ki0.001_-300,right,0.002,0.001,0.0,-300,run,0.7118847069978074,-227.0,-0.18,0.0,0.18,0.02,-0.08,-1.691,-0.306,0
right_kp0.002_ki0.001_-300,right,0.002,0.001,0.0,-300,run,0.7664561540004797,-220.0,-0.17,0.0,0.17,0.02,-0.063,-1.339,-0.19,0
right_kp0.002_ki0.001_-300,right,0.002,0.001,0.0,-300,run,0.8218219230002433,-218.0,-0.17,0.0,0.18,0.0,-0.075,-1.599,-0.207,0
right_kp0.002_ki0.001_-300,right,0.002,0.001,0.0,-300,run,0.8765661239995097,-237.0,-0.16,0.0,0.16,0.02,-0.069,-1.434,-0.367,0
right_kp0.002_ki0.001_-300,right,0.002,0.001,0.0,-300,run,0.9312096899993776,-236.0,-0.14,-0.01,0.15,0.0,-0.07,-1.49,-0.171,0
right_kp0.002_ki0.001_-300,right,0.002,0.001,0.0,-300,run,0.985864717997174,-231.0,-0.21,0.0,0.21,0.02,-0.081,-1.731,-0.243,0
right_kp0.002_ki0.001_-300,right,0.002,0.001,0.0,-300,run,1.0406484979976085,-228.0,-0.17,0.0,0.17,0.02,-0.066,-1.39,-0.235,0
right_kp0.002_ki0.001_-300,right,0.002,0.001,0.0,-300,run,1.0954431200007093,-212.0,-0.2,0.0,0.2,0.02,-0.067,-1.432,-0.19,0
right_kp0.002_ki0.001_-300,right,0.002,0.001,0.0,-300,run,1.1501967039985175,-236.0,-0.19,0.01,0.19,0.02,-0.073,-1.504,-0.42,0
right_kp0.002_ki0.001_-300,right,0.002,0.001,0.0,-300,run,1.205006478998257,-225.0,-0.16,0.0,0.17,0.0,-0.065,-1.399,-0.147,0
right_kp0.002_ki0.001_-300,right,0.002,0.001,0.0,-300,run,1.2597741879981186,-223.0,-0.21,0.0,0.21,0.02,-0.079,-1.68,-0.194,0
right_kp0.002_ki0.001_-300,right,0.002,0.001,0.0,-300,run,1.3145448939976632,-231.0,-0.17,0.0,0.17,0.02,-0.081,-1.695,-0.34,0
right_kp0.002_ki0.001_-300,right,0.002,0.001,0.0,-300,run,1.3694266050006263,-231.0,-0.19,-0.01,0.19,0.02,-0.077,-1.659,-0.095,0
right_kp0.002_ki0.001_-300,right,0.002,0.001,0.0,-300,run,1.4244301910002832,-246.0,-0.19,0.01,0.19,0.02,-0.071,-1.503,-0.211,0
right_kp0.002_ki0.001_-300,right,0.002,0.001,0.0,-300,run,1.479186172997288,-246.0,-0.14,-0.01,0.14,0.02,-0.068,-1.459,-0.182,0
right_kp0.002_ki0.001_-300,right,0.002,0.001,0.0,0,stop,3.440000000409782e-07,-245.0,-0.2,0.0,0.2,0.02,-0.075,-1.61,-0.153,0
right_kp0.002_ki0.001_-300,right,0.002,0.001,0.0,0,stop,0.054614314998616464,-245.0,-0.04,0.0,0.06,0.0,0.031,0.648,-0.147,0
right_kp0.002_ki0.001_-300,right,0.002,0.001,0.0,0,stop,0.10924853599863127,-245.0,0.04,0.0,0.05,0.0,0.021,0.447,-0.113,0
right_kp0.002_ki0.001_-300,right,0.002,0.001,0.0,0,stop,0.16424137099966174,-245.0,0.01,0.0,0.01,0.0,0.017,0.371,0.032,0
right_kp0.002_ki0.001_-300,right,0.002,0.001,0.0,0,stop,0.21931272399888257,-245.0,0.0,0.0,0.0,0.0,0.015,0.309,0.07,0
right_kp0.002_ki0.001_-300,right,0.002,0.001,0.0,0,stop,0.27637865399810835,-245.0,0.0,0.0,0.0,0.0,0.011,0.235,0.05,0
right_kp0.002_ki0.001_-300,right,0.002,0.001,0.0,0,stop,0.3311857240005338,-245.0,0.0,0.0,0.0,0.0,0.013,0.252,0.109,0
right_kp0.002_ki0.001_-300,right,0.002,0.001,0.0,0,stop,0.3864110280010209,-245.0,0.0,0.0,0.0,0.0,0.013,0.26,0.092,0
right_kp0.002_ki0.001_-300,right,0.002,0.001,0.0,0,stop,0.4416274510003859,-245.0,0.0,0.0,0.0,0.0,0.016,0.323,0.08,0
right_kp0.002_ki0.001_-300,right,0.002,0.001,0.0,0,stop,0.4964395399983914,-245.0,0.0,0.0,0.0,0.0,0.012,0.259,0.069,0
right_kp0.002_ki0.001_-300,right,0.002,0.001,0.0,0,stop,0.5516458800011605,0.0,0.0,0.0,0.0,0.0,0.01,0.205,0.053,0
right_kp0.002_ki0.001_-300,right,0.002,0.001,0.0,0,stop,0.6066941680001037,0.0,0.0,0.0,0.0,0.0,0.015,0.315,0.084,0
right_kp0.002_ki0.001_-300,right,0.002,0.001,0.0,0,stop,0.6613999360015441,0.0,0.0,0.0,0.0,0.0,0.012,0.256,0.067,0
right_kp0.002_ki0.001_-300,right,0.002,0.001,0.0,0,stop,0.7164973889994144,0.0,0.0,0.0,0.0,0.0,0.012,0.249,0.072,0
right_kp0.002_ki0.001_-300,right,0.002,0.001,0.0,0,stop,0.7715711720011313,0.0,0.0,0.0,0.0,0.0,0.014,0.292,0.098,0
right_kp0.002_ki0.001_-300,right,0.002,0.001,0.0,0,stop,0.8265810400007467,0.0,0.0,0.0,0.0,0.0,0.013,0.276,0.075,0
right_kp0.002_ki0.001_-300,right,0.002,0.001,0.0,0,stop,0.8815777880008682,0.0,0.0,0.0,0.0,0.0,0.012,0.252,0.078,0
right_kp0.002_ki0.001_-300,right,0.002,0.001,0.0,0,stop,0.9364663349988405,0.0,0.0,0.0,0.0,0.0,0.013,0.26,0.102,0
right_kp0.002_ki0.001_-300,right,0.002,0.001,0.0,0,stop,0.9912834149981791,0.0,0.0,0.0,0.0,0.0,0.012,0.248,0.065,0
right_kp0.002_ki0.001_-300,right,0.002,0.001,0.0,0,stop,1.0462837589984701,0.0,0.0,0.0,0.0,0.0,0.011,0.234,0.059,0
right_kp0.002_ki0.001_-300,right,0.002,0.001,0.0,0,stop,1.1014383389992872,0.0,0.0,0.0,0.0,0.0,0.015,0.304,0.102,0
right_kp0.002_ki0.001_-300,right,0.002,0.001,0.0,0,stop,1.1571971449993725,0.0,0.0,0.0,0.0,0.0,0.011,0.221,0.056,0
right_kp0.003_ki0.001_+300,right,0.003,0.001,0.0,300,run,0.0003496489989629481,0.0,0.0,0.0,0.0,0.0,0.011,0.216,0.08,0
right_kp0.003_ki0.001_+300,right,0.003,0.001,0.0,300,run,0.05504172399741947,0.0,0.29,0.0,0.29,0.02,0.116,2.485,-0.221,0
right_kp0.003_ki0.001_+300,right,0.003,0.001,0.0,300,run,0.10998664100043243,0.0,0.21,0.03,0.21,0.02,0.055,1.083,-0.446,0
right_kp0.003_ki0.001_+300,right,0.003,0.001,0.0,300,run,0.16487703699749545,23.0,0.04,-0.01,0.05,0.0,0.033,0.651,-0.296,0
right_kp0.003_ki0.001_+300,right,0.003,0.001,0.0,300,run,0.21983274999729474,241.0,0.28,-0.01,0.28,0.02,0.1,2.137,-0.164,0
right_kp0.003_ki0.001_+300,right,0.003,0.001,0.0,300,run,0.27488630899824784,240.0,0.14,0.02,0.14,0.02,0.056,1.12,-0.453,0
right_kp0.003_ki0.001_+300,right,0.003,0.001,0.0,300,run,0.3294813089996751,247.0,0.0,-0.02,0.02,0.0,0.025,0.505,-0.179,0
right_kp0.003_ki0.001_+300,right,0.003,0.001,0.0,300,run,0.3842861269986315,245.0,0.27,0.0,0.27,0.02,0.104,2.202,-0.379,0
right_kp0.003_ki0.001_+300,right,0.003,0.001,0.0,300,run,0.43930832499972894,244.0,0.16,0.02,0.16,0.02,0.052,0.978,-0.521,0
right_kp0.003_ki0.001_+300,right,0.003,0.001,0.0,300,run,0.49450454999896465,227.0,0.03,-0.02,0.05,0.0,0.037,0.791,-0.061,0
right_kp0.003_ki0.001_+300,right,0.003,0.001,0.0,300,run,0.5496308479996515,227.0,0.27,0.0,0.27,0.02,0.095,2.043,-0.1,0
right_kp0.003_ki0.001_+300,right,0.003,0.001,0.0,300,run,0.6045627860003151,234.0,0.22,0.03,0.22,0.02,0.073,1.481,-0.54,0
right_kp0.003_ki0.001_+300,right,0.003,0.001,0.0,300,run,0.6594965539989062,252.0,0.01,-0.01,0.02,0.0,0.027,0.458,-0.359,0
right_kp0.003_ki0.001_+300,right,0.003,0.001,0.0,300,run,0.7155849689988827,267.0,0.25,0.0,0.25,0.02,0.091,1.939,-0.267,0
right_kp0.003_ki0.001_+300,right,0.003,0.001,0.0,300,run,0.7703919929990661,233.0,0.15,0.0,0.15,0.02,0.078,1.636,-0.353,0
right_kp0.003_ki0.001_+300,right,0.003,0.001,0.0,300,run,0.8253476469981251,225.0,0.1,-0.01,0.11,0.0,0.054,1.141,-0.144,0
right_kp0.003_ki0.001_+300,right,0.003,0.001,0.0,300,run,0.8802558669995051,264.0,0.18,0.0,0.19,0.0,0.071,1.522,-0.097,0
right_kp0.003_ki0.001_+300,right,0.003,0.001,0.0,300,run,0.9353717089979909,240.0,0.2,0.0,0.2,0.02,0.082,1.749,-0.208,0
right_kp0.003_ki0.001_+300,right,0.003,0.001,0.0,300,run,0.9903498179992312,242.0,0.11,0.0,0.12,0.0,0.054,1.147,-0.13,0
right_kp0.003_ki0.001_+300,right,0.003,0.001,0.0,300,run,1.0451661059996695,229.0,0.24,0.0,0.24,0.02,0.081,1.731,-0.084,0
right_kp0.003_ki0.001_+300,right,0.003,0.001,0.0,300,run,1.0998568889990565,257.0,0.14,0.0,0.14,0.02,0.07,1.464,-0.29,0
right_kp0.003_ki0.001_+300,right,0.003,0.001,0.0,300,run,1.1549096300004749,229.0,0.18,-0.01,0.19,0.02,0.078,1.674,-0.056,0
right_kp0.003_ki0.001_+300,right,0.003,0.001,0.0,300,run,1.2095874609985913,256.0,0.18,0.0,0.18,0.02,0.074,1.577,-0.161,0
right_kp0.003_ki0.001_+300,right,0.003,0.001,0.0,300,run,1.2642715830006637,251.0,0.14,0.0,0.14,0.02,0.073,1.55,-0.267,0
right_kp0.003_ki0.001_+300,right,0.003,0.001,0.0,300,run,1.3189205899980152,247.0,0.2,0.0,0.21,0.02,0.076,1.63,-0.144,0
right_kp0.003_ki0.001_+300,right,0.003,0.001,0.0,300,run,1.3738610449981934,257.0,0.14,0.0,0.14,0.02,0.076,1.616,-0.117,0
right_kp0.003_ki0.001_+300,right,0.003,0.001,0.0,300,run,1.4286753540000063,248.0,0.19,0.0,0.19,0.02,0.076,1.624,-0.193,0
right_kp0.003_ki0.001_+300,right,0.003,0.001,0.0,300,run,1.4835096599999815,246.0,0.19,0.0,0.19,0.02,0.073,1.563,-0.175,0
right_kp0.003_ki0.001_+300,right,0.003,0.001,0.0,0,stop,1.2070013326592743e-06,247.0,0.15,-0.01,0.15,0.02,0.075,1.6,-0.067,0
right_kp0.003_ki0.001_+300,right,0.003,0.001,0.0,0,stop,0.055039842998667154,251.0,-0.02,0.0,0.13,0.0,-0.066,-1.404,-0.084,0
right_kp0.003_ki0.001_+300,right,0.003,0.001,0.0,0,stop,0.1101548750011716,-142.0,-0.08,0.0,0.11,0.0,0.029,0.629,0.053,0
right_kp0.003_ki0.001_+300,right,0.003,0.001,0.0,0,stop,0.16610988400134374,-142.0,0.05,-0.01,0.05,0.0,0.028,0.502,0.343,0
right_kp0.003_ki0.001_+300,right,0.003,0.001,0.0,0,stop,0.22119043700149632,-142.0,0.02,0.0,0.02,0.0,0.017,0.207,0.309,0
right_kp0.003_ki0.001_+300,right,0.003,0.001,0.0,0,stop,0.27713202200175147,-142.0,0.0,0.0,0.0,0.0,0.015,0.127,0.306,0
right_kp0.003_ki0.001_+300,right,0.003,0.001,0.0,0,stop,0.33215276800183346,-142.0,0.0,0.0,0.0,0.0,0.014,0.127,0.269,0
right_kp0.003_ki0.001_+300,right,0.003,0.001,0.0,0,stop,0.38724539400209324,-142.0,0.0,0.0,0.0,0.0,0.012,0.109,0.238,0
right_kp0.003_ki0.001_+300,right,0.003,0.001,0.0,0,stop,0.44219076599983964,-142.0,0.0,0.0,0.0,0.0,0.011,0.097,0.221,0
right_kp0.003_ki0.001_+300,right,0.003,0.001,0.0,0,stop,0.49715077099972405,-142.0,0.0,0.0,0.0,0.0,0.013,0.095,0.271,0
right_kp0.003_ki0.001_+300,right,0.003,0.001,0.0,0,stop,0.5520680049994553,-142.0,0.0,0.0,0.0,0.0,0.016,0.114,0.332,0
right_kp0.003_ki0.001_+300,right,0.003,0.001,0.0,0,stop,0.6070267149989377,0.0,0.0,0.0,0.0,0.0,0.014,0.127,0.267,0
right_kp0.003_ki0.001_+300,right,0.003,0.001,0.0,0,stop,0.6620876929991937,0.0,0.0,0.0,0.0,0.0,0.013,0.105,0.27,0
right_kp0.003_ki0.001_+300,right,0.003,0.001,0.0,0,stop,0.7167603790003341,0.0,0.0,0.0,0.0,0.0,0.014,0.095,0.296,0
right_kp0.003_ki0.001_+300,right,0.003,0.001,0.0,0,stop,0.7714329990012629,0.0,0.0,0.0,0.0,0.0,0.015,0.106,0.307,0
right_kp0.003_ki0.001_+300,right,0.003,0.001,0.0,0,stop,0.8265124919998925,0.0,0.0,0.0,0.01,0.0,0.015,0.12,0.295,0
right_kp0.003_ki0.001_+300,right,0.003,0.001,0.0,0,stop,0.8814041940022435,0.0,0.0,0.0,0.0,0.0,0.014,0.116,0.274,0
right_kp0.003_ki0.001_+300,right,0.003,0.001,0.0,0,stop,0.9360088120010914,0.0,0.0,0.0,0.0,0.0,0.013,0.102,0.256,0
right_kp0.003_ki0.001_+300,right,0.003,0.001,0.0,0,stop,0.9911388879991136,0.0,0.0,0.0,0.0,0.0,0.013,0.092,0.257,0
right_kp0.003_ki0.001_+300,right,0.003,0.001,0.0,0,stop,1.0459279659989988,0.0,0.0,0.0,0.0,0.0,0.013,0.087,0.268,0
right_kp0.003_ki0.001_+300,right,0.003,0.001,0.0,0,stop,1.101013850999152,0.0,0.0,0.0,0.0,0.0,0.013,0.084,0.268,0
right_kp0.003_ki0.001_+300,right,0.003,0.001,0.0,0,stop,1.1548720840000897,0.0,0.0,0.0,0.0,0.0,0.013,0.084,0.271,0
right_kp0.003_ki0.001_-300,right,0.003,0.001,0.0,-300,run,0.000308735001453897,0.0,0.0,0.0,0.0,0.0,0.013,0.097,0.257,0
right_kp0.003_ki0.001_-300,right,0.003,0.001,0.0,-300,run,0.055208961999596795,-24.0,-0.28,0.01,0.28,0.02,-0.115,-2.453,-0.311,0
right_kp0.003_ki0.001_-300,right,0.003,0.001,0.0,-300,run,0.11099656100122957,-26.0,-0.17,0.05,0.19,0.02,-0.054,-0.901,-0.73,0
right_kp0.003_ki0.001_-300,right,0.003,0.001,0.0,-300,run,0.16598443200200563,-27.0,0.03,-0.03,0.05,0.0,-0.034,-0.703,-0.219,0
right_kp0.003_ki0.001_-300,right,0.003,0.001,0.0,-300,run,0.22088853800232755,-265.0,-0.28,0.0,0.28,0.02,-0.089,-1.891,-0.262,0
right_kp0.003_ki0.001_-300,right,0.003,0.001,0.0,-300,run,0.27544500000294647,-227.0,-0.16,0.0,0.16,0.02,-0.064,-1.327,-0.318,0
right_kp0.003_ki0.001_-300,right,0.003,0.001,0.0,-300,run,0.3301815920021909,-196.0,-0.15,0.0,0.16,0.0,-0.065,-1.377,-0.208,0
right_kp0.003_ki0.001_-300,right,0.003,0.001,0.0,-300,run,0.3847927420029009,-246.0,-0.22,0.0,0.23,0.02,-0.07,-1.443,-0.416,0
right_kp0.003_ki0.001_-300,right,0.003,0.001,0.0,-300,run,0.43963618600173504,-232.0,-0.14,0.0,0.14,0.02,-0.074,-1.584,-0.216,0
right_kp0.003_ki0.001_-300,right,0.003,0.001,0.0,-300,run,0.49437447500167764,-234.0,-0.17,0.0,0.17,0.02,-0.073,-1.556,-0.21,0
right_kp0.003_ki0.001_-300,right,0.003,0.001,0.0,-300,run,0.5493151000009675,-233.0,-0.2,0.0,0.2,0.02,-0.074,-1.572,-0.212,0
right_kp0.003_ki0.001_-300,right,0.003,0.001,0.0,-300,run,0.6042043369998282,-237.0,-0.15,0.0,0.15,0.02,-0.081,-1.721,-0.24,0
right_kp0.003_ki0.001_-300,right,0.003,0.001,0.0,-300,run,0.659033845000522,-233.0,-0.16,0.0,0.16,0.02,-0.07,-1.438,-0.468,0
right_kp0.003_ki0.001_-300,right,0.003,0.001,0.0,-300,run,0.7143904879994807,-239.0,-0.18,0.0,0.19,0.02,-0.081,-1.713,-0.245,0
right_kp0.003_ki0.001_-300,right,0.003,0.001,0.0,-300,run,0.7695600040024146,-246.0,-0.14,0.0,0.14,0.02,-0.069,-1.464,-0.232,0
right_kp0.003_ki0.001_-300,right,0.003,0.001,0.0,-300,run,0.8244316130003426,-237.0,-0.17,0.0,0.17,0.0,-0.085,-1.786,-0.384,0
right_kp0.003_ki0.001_-300,right,0.003,0.001,0.0,-300,run,0.8792319250023866,-257.0,-0.2,0.0,0.2,0.02,-0.07,-1.446,-0.378,0
right_kp0.003_ki0.001_-300,right,0.003,0.001,0.0,-300,run,0.9341917710007692,-253.0,-0.1,-0.01,0.11,0.0,-0.063,-1.335,-0.166,0
right_kp0.003_ki0.001_-300,right,0.003,0.001,0.0,-300,run,0.9888894840005378,-249.0,-0.25,0.0,0.25,0.02,-0.089,-1.885,-0.337,0
right_kp0.003_ki0.001_-300,right,0.003,0.001,0.0,-300,run,1.043853859002411,-250.0,-0.14,0.0,0.14,0.0,-0.06,-1.265,-0.282,0
right_kp0.003_ki0.001_-300,right,0.003,0.001,0.0,-300,run,1.0986097260029055,-225.0,-0.21,0.0,0.21,0.02,-0.078,-1.676,-0.134,0
right_kp0.003_ki0.001_-300,right,0.003,0.001,0.0,-300,run,1.153646683000261,-255.0,-0.19,0.01,0.19,0.02,-0.07,-1.459,-0.307,0
right_kp0.003_ki0.001_-300,right,0.003,0.001,0.0,-300,run,1.2086781390025862,-232.0,-0.15,-0.01,0.16,0.02,-0.062,-1.323,-0.142,0
right_kp0.003_ki0.001_-300,right,0.003,0.001,0.0,-300,run,1.2633689739996043,-235.0,-0.23,0.0,0.23,0.02,-0.084,-1.786,-0.232,0
right_kp0.003_ki0.001_-300,right,0.003,0.001,0.0,-300,run,1.317916629002866,-248.0,-0.16,0.0,0.16,0.02,-0.062,-1.304,-0.29,0
right_kp0.003_ki0.001_-300,right,0.003,0.001,0.0,-300,run,1.372741675000725,-237.0,-0.22,-0.01,0.22,0.02,-0.08,-1.709,-0.16,0
right_kp0.003_ki0.001_-300,right,0.003,0.001,0.0,-300,run,1.4276988230012648,-259.0,-0.14,0.0,0.15,0.02,-0.079,-1.66,-0.302,0
right_kp0.003_ki0.001_-300,right,0.003,0.001,0.0,-300,run,1.4826333630007866,-257.0,-0.18,0.0,0.18,0.02,-0.081,-1.729,-0.221,0
right_kp0.003_ki0.001_-300,right,0.003,0.001,0.0,0,stop,1.2460004654712975e-06,-254.0,-0.21,0.0,0.21,0.02,-0.08,-1.698,-0.303,0
right_kp0.003_ki0.001_-300,right,0.003,0.001,0.0,0,stop,0.05490233299860847,-258.0,0.04,0.0,0.11,0.0,0.078,1.665,-0.244,0
right_kp0.003_ki0.001_-300,right,0.003,0.001,0.0,0,stop,0.10984336199908284,206.0,0.13,0.0,0.13,0.0,0.027,0.568,-0.142,0
right_kp0.003_ki0.001_-300,right,0.003,0.001,0.0,0,stop,0.16471757700128364,206.0,0.02,-0.01,0.02,0.0,0.014,0.296,0.021,0
right_kp0.003_ki0.001_-300,right,0.003,0.001,0.0,0,stop,0.22104915199815878,206.0,0.0,0.0,0.01,0.0,0.016,0.347,0.061,0
right_kp0.003_ki0.001_-300,right,0.003,0.001,0.0,0,stop,0.27602894499796093,206.0,0.0,0.0,0.0,0.0,0.015,0.317,0.048,0
right_kp0.003_ki0.001_-300,right,0.003,0.001,0.0,0,stop,0.3310627780010691,206.0,0.0,0.0,0.0,0.0,0.015,0.315,0.067,0
right_kp0.003_ki0.001_-300,right,0.003,0.001,0.0,0,stop,0.3860726800012344,206.0,0.0,0.0,0.0,0.0,0.011,0.232,0.061,0
right_kp0.003_ki0.001_-300,right,0.003,0.001,0.0,0,stop,0.44116495799971744,206.0,0.0,0.0,0.0,0.0,0.012,0.241,0.095,0
right_kp0.003_ki0.001_-300,right,0.003,0.001,0.0,0,stop,0.4963186399982078,206.0,0.0,0.0,0.01,0.0,0.015,0.32,0.078,0
right_kp0.003_ki0.001_-300,right,0.003,0.001,0.0,0,stop,0.5511784289992647,206.0,0.0,0.0,0.0,0.0,0.026,0.523,0.197,0
right_kp0.003_ki0.001_-300,right,0.003,0.001,0.0,0,stop,0.6058398909990501,0.0,0.0,0.0,0.0,0.0,0.013,0.284,0.05,0
right_kp0.003_ki0.001_-300,right,0.003,0.001,0.0,0,stop,0.661461405998125,0.0,0.0,0.0,0.0,0.0,0.016,0.323,0.08,0
right_kp0.003_ki0.001_-300,right,0.003,0.001,0.0,0,stop,0.7178353630006313,0.0,0.0,0.0,0.0,0.0,0.013,0.274,0.045,0
right_kp0.003_ki0.001_-300,right,0.003,0.001,0.0,0,stop,0.7724622599998838,0.0,0.0,0.0,0.0,0.0,0.014,0.29,0.075,0
right_kp0.003_ki0.001_-300,right,0.003,0.001,0.0,0,stop,0.8271777240006486,0.0,0.0,0.0,0.0,0.0,0.011,0.232,0.072,0
right_kp0.003_ki0.001_-300,right,0.003,0.001,0.0,0,stop,0.8816694220004138,0.0,0.0,0.0,0.0,0.0,0.018,0.362,0.133,0
right_kp0.003_ki0.001_-300,right,0.003,0.001,0.0,0,stop,0.9364808339996671,0.0,0.0,0.0,0.0,0.0,0.014,0.301,0.064,0
right_kp0.003_ki0.001_-300,right,0.003,0.001,0.0,0,stop,0.9912007029997767,0.0,0.0,0.0,0.0,0.0,0.02,0.397,0.136,0
right_kp0.003_ki0.001_-300,right,0.003,0.001,0.0,0,stop,1.0457965319983487,0.0,0.0,0.0,0.0,0.0,0.014,0.287,0.073,0
right_kp0.003_ki0.001_-300,right,0.003,0.001,0.0,0,stop,1.100701649000257,0.0,0.0,0.0,0.0,0.0,0.012,0.248,0.061,0
right_kp0.003_ki0.001_-300,right,0.003,0.001,0.0,0,stop,1.1553010429997812,0.0,0.0,0.0,0.0,0.0,0.012,0.234,0.083,0
right_kp0.004_ki0.001_+300,right,0.004,0.001,0.0,300,run,0.0002671149995876476,0.0,0.0,0.0,0.0,0.0,0.011,0.213,0.084,0
right_kp0.004_ki0.001_+300,right,0.004,0.001,0.0,300,run,0.05490006300169625,23.0,0.35,0.02,0.35,0.04,0.12,2.555,-0.329,0
right_kp0.004_ki0.001_+300,right,0.004,0.001,0.0,300,run,0.10949397700096597,24.0,0.1,0.01,0.11,0.02,0.035,0.562,-0.485,0
right_kp0.004_ki0.001_+300,right,0.004,0.001,0.0,300,run,0.16452468400166254,24.0,0.11,-0.02,0.11,0.0,0.052,1.115,-0.155,0
right_kp0.004_ki0.001_+300,right,0.004,0.001,0.0,300,run,0.21899480200227117,216.0,0.38,0.01,0.39,0.04,0.114,2.389,-0.567,0
right_kp0.004_ki0.001_+300,right,0.004,0.001,0.0,300,run,0.2736166350005078,238.0,-0.02,0.0,0.06,0.0,0.022,0.036,-0.461,0
right_kp0.004_ki0.001_+300,right,0.004,0.001,0.0,300,run,0.32816817600178183,816.0,0.06,-0.02,0.11,0.0,0.089,1.863,-0.377,0
right_kp0.004_ki0.001_+300,right,0.004,0.001,0.0,0,stop,1.06200241134502e-06,816.0,0.62,0.02,0.62,0.04,0.086,1.834,-0.175,0
right_kp0.004_ki0.001_+300,right,0.004,0.001,0.0,0,stop,0.05371921299956739,547.0,0.03,-0.01,0.19,0.02,-0.062,-1.338,-0.021,0
right_kp0.004_ki0.001_+300,right,0.004,0.001,0.0,0,stop,0.10843143199963379,-240.0,-0.13,0.0,0.15,0.02,0.03,0.633,-0.124,0
right_kp0.004_ki0.001_+300,right,0.004,0.001,0.0,0,stop,0.163271376000921,-240.0,0.03,0.0,0.03,0.0,0.019,0.377,-0.149,0
right_kp0.004_ki0.001_+300,right,0.004,0.001,0.0,0,stop,0.21820767000099295,-240.0,0.01,0.0,0.01,0.0,0.005,0.092,-0.054,0
right_kp0.004_ki0.001_+300,right,0.004,0.001,0.0,0,stop,0.27310577100070077,-240.0,0.0,0.0,0.01,0.0,0.001,0.007,0.018,0
right_kp0.004_ki0.001_+300,right,0.004,0.001,0.0,0,stop,0.32826047300113714,-240.0,0.0,0.0,0.0,0.0,-0.007,-0.128,0.097,0
right_kp0.004_ki0.001_+300,right,0.004,0.001,0.0,0,stop,0.38330118600060814,-240.0,0.0,0.0,0.0,0.0,-0.008,-0.144,0.108,0
right_kp0.004_ki0.001_+300,right,0.004,0.001,0.0,0,stop,0.43834178500037524,-240.0,0.0,0.0,0.0,0.0,-0.009,-0.154,0.102,0
right_kp0.004_ki0.001_+300,right,0.004,0.001,0.0,0,stop,0.49322888200185844,-240.0,0.0,0.0,0.0,0.0,-0.011,-0.176,0.149,0
right_kp0.004_ki0.001_+300,right,0.004,0.001,0.0,0,stop,0.5483088060027512,-240.0,0.0,0.0,0.0,0.0,-0.013,-0.199,0.183,0
right_kp0.004_ki0.001_+300,right,0.004,0.001,0.0,0,stop,0.6032203600007051,0.0,0.0,0.0,0.0,0.0,-0.011,-0.157,0.168,0
right_kp0.004_ki0.001_+300,right,0.004,0.001,0.0,0,stop,0.6582508550018247,0.0,0.0,0.0,0.0,0.0,-0.01,-0.158,0.147,0
right_kp0.004_ki0.001_+300,right,0.004,0.001,0.0,0,stop,0.713189844002045,0.0,0.0,0.0,0.0,0.0,-0.012,-0.18,0.177,0
right_kp0.004_ki0.001_+300,right,0.004,0.001,0.0,0,stop,0.7681981290006661,0.0,0.0,0.0,0.0,0.0,-0.01,-0.138,0.158,0
right_kp0.004_ki0.001_+300,right,0.004,0.001,0.0,0,stop,0.8234110480007075,0.0,0.0,0.0,0.0,0.0,-0.011,-0.165,0.155,0
right_kp0.004_ki0.001_+300,right,0.004,0.001,0.0,0,stop,0.8784384900027362,0.0,0.0,0.0,0.0,0.0,-0.01,-0.155,0.141,0
right_kp0.004_ki0.001_+300,right,0.004,0.001,0.0,0,stop,0.9332259350012464,0.0,0.0,0.0,0.0,0.0,-0.011,-0.158,0.169,0
right_kp0.004_ki0.001_+300,right,0.004,0.001,0.0,0,stop,0.989772429002187,0.0,0.0,0.0,0.0,0.0,-0.013,-0.205,0.174,0
right_kp0.004_ki0.001_+300,right,0.004,0.001,0.0,0,stop,1.0447667920016102,0.0,0.0,0.0,0.0,0.0,-0.011,-0.168,0.169,0
right_kp0.004_ki0.001_+300,right,0.004,0.001,0.0,0,stop,1.0999276550028299,0.0,0.0,0.0,0.0,0.0,-0.012,-0.19,0.161,0
right_kp0.004_ki0.001_+300,right,0.004,0.001,0.0,0,stop,1.1550331540020125,0.0,0.0,0.0,0.0,0.0,-0.013,-0.193,0.198,0
right_kp0.004_ki0.001_-300,right,0.004,0.001,0.0,-300,run,0.0003862329976982437,0.0,0.0,0.0,0.0,0.0,-0.013,-0.191,0.196,0
right_kp0.004_ki0.001_-300,right,0.004,0.001,0.0,-300,run,0.05537713800003985,-26.0,-0.36,0.04,0.37,0.02,-0.125,-2.629,-0.543,0
right_kp0.004_ki0.001_-300,right,0.004,0.001,0.0,-300,run,0.11030092799774138,-27.0,-0.05,0.01,0.09,0.0,0.028,0.245,-0.54,0
right_kp0.004_ki0.001_-300,right,0.004,0.001,0.0,-300,run,0.1651555999997072,-27.0,0.0,-0.02,0.12,0.0,-0.066,-1.366,-0.342,0
right_kp0.004_ki0.001_-300,right,0.004,0.001,0.0,-300,run,0.21996900600061053,-266.0,-0.38,0.02,0.38,0.04,-0.09,-1.837,-0.617,0
right_kp0.004_ki0.001_-300,right,0.004,0.001,0.0,-300,run,0.27499303500007954,-259.0,0.0,-0.02,0.03,0.0,-0.046,-0.934,-0.329,0
right_kp0.004_ki0.001_-300,right,0.004,0.001,0.0,-300,run,0.3297495609986072,-208.0,-0.24,0.0,0.24,0.0,-0.081,-1.727,-0.238,0
right_kp0.004_ki0.001_-300,right,0.004,0.001,0.0,-300,run,0.38446576400019694,-253.0,-0.26,0.01,0.26,0.02,-0.067,-1.369,-0.427,0
right_kp0.004_ki0.001_-300,right,0.004,0.001,0.0,-300,run,0.44086490599875106,-240.0,-0.01,-0.01,0.03,0.0,-0.06,-1.259,-0.298,0
right_kp0.004_ki0.001_-300,right,0.004,0.001,0.0,-300,run,0.4962993199987977,-276.0,-0.26,0.0,0.27,0.02,-0.088,-1.863,-0.248,0
right_kp0.004_ki0.001_-300,right,0.004,0.001,0.0,-300,run,0.5508177609990526,-256.0,-0.11,0.0,0.11,0.0,-0.064,-1.354,-0.284,0
right_kp0.004_ki0.001_-300,right,0.004,0.001,0.0,-300,run,0.6057252799982962,-275.0,-0.2,0.0,0.2,0.02,-0.083,-1.743,-0.345,0
right_kp0.004_ki0.001_-300,right,0.004,0.001,0.0,-300,run,0.660592975000327,-251.0,-0.18,0.0,0.18,0.02,-0.064,-1.34,-0.317,0
right_kp0.004_ki0.001_-300,right,0.004,0.001,0.0,-300,run,0.7151925649995974,-233.0,-0.18,0.0,0.18,0.02,-0.083,-1.74,-0.328,0
right_kp0.004_ki0.001_-300,right,0.004,0.001,0.0,-300,run,0.7699692429996503,-248.0,-0.15,0.0,0.16,0.02,-0.069,-1.465,-0.263,0
right_kp0.004_ki0.001_-300,right,0.004,0.001,0.0,-300,run,0.8248703459976241,-230.0,-0.23,0.0,0.23,0.02,-0.101,-2.117,-0.459,0
right_kp0.004_ki0.001_-300,right,0.004,0.001,0.0,-300,run,0.8795411280007102,-273.0,-0.15,0.01,0.15,0.02,-0.049,-0.93,-0.489,0
right_kp0.004_ki0.001_-300,right,0.004,0.001,0.0,-300,run,0.934119658999407,-273.0,-0.1,-0.02,0.13,0.0,-0.079,-1.674,-0.284,0
right_kp0.004_ki0.001_-300,right,0.004,0.001,0.0,-300,run,0.9888960869975563,-275.0,-0.28,0.01,0.28,0.02,-0.081,-1.674,-0.489,0
right_kp0.004_ki0.001_-300,right,0.004,0.001,0.0,-300,run,1.0437624839978525,-278.0,-0.07,0.0,0.08,0.0,-0.071,-1.483,-0.362,0
right_kp0.004_ki0.001_-300,right,0.004,0.001,0.0,-300,run,1.0985764270008076,-272.0,-0.29,0.0,0.29,0.02,-0.096,-2.016,-0.398,0
right_kp0.004_ki0.001_-300,right,0.004,0.001,0.0,-300,run,1.153574641997693,-264.0,-0.11,0.0,0.11,0.02,-0.067,-1.412,-0.317,0
right_kp0.004_ki0.001_-300,right,0.004,0.001,0.0,-300,run,1.2084394299999985,-233.0,-0.2,-0.01,0.2,0.0,-0.078,-1.663,-0.16,0
right_kp0.004_ki0.001_-300,right,0.004,0.001,0.0,-300,run,1.2633099550002953,-263.0,-0.28,0.02,0.28,0.02,-0.079,-1.602,-0.544,0
right_kp0.004_ki0.001_-300,right,0.004,0.001,0.0,-300,run,1.3182122629987134,-265.0,-0.08,-0.02,0.09,0.0,-0.056,-1.167,-0.266,0
right_kp0.004_ki0.001_-300,right,0.004,0.001,0.0,-300,run,1.3731730929976038,-281.0,-0.29,0.01,0.29,0.02,-0.081,-1.696,-0.389,0
right_kp0.004_ki0.001_-300,right,0.004,0.001,0.0,-300,run,1.4288312059979944,-265.0,-0.09,-0.01,0.09,0.0,-0.051,-1.072,-0.24,0
right_kp0.004_ki0.001_-300,right,0.004,0.001,0.0,-300,run,1.4836788440006785,-212.0,-0.33,0.0,0.33,0.02,-0.094,-1.976,-0.364,0
right_kp0.004_ki0.001_-300,right,0.004,0.001,0.0,0,stop,9.220020729117095e-07,-274.0,-0.09,0.0,0.09,0.0,-0.052,-1.083,-0.287,0
right_kp0.004_ki0.001_-300,right,0.004,0.001,0.0,0,stop,0.0548774870003399,-274.0,-0.02,-0.01,0.06,0.0,0.05,1.072,-0.13,0
right_kp0.004_ki0.001_-300,right,0.004,0.001,0.0,0,stop,0.10969632799969986,-274.0,0.04,0.0,0.04,0.0,0.021,0.452,-0.064,0
right_kp0.004_ki0.001_-300,right,0.004,0.001,0.0,0,stop,0.16421172700211173,-274.0,0.0,0.0,0.01,0.0,0.015,0.29,-0.122,0
right_kp0.004_ki0.001_-300,right,0.004,0.001,0.0,0,stop,0.21877434000271023,-274.0,0.0,0.0,0.0,0.0,0.012,0.207,-0.142,0
right_kp0.004_ki0.001_-300,right,0.004,0.001,0.0,0,stop,0.27344361300129094,-274.0,0.0,0.0,0.0,0.0,0.016,0.259,-0.232,0
right_kp0.004_ki0.001_-300,right,0.004,0.001,0.0,0,stop,0.3282363010002882,-274.0,0.0,0.0,0.0,0.0,0.013,0.212,-0.183,0
right_kp0.004_ki0.001_-300,right,0.004,0.001,0.0,0,stop,0.3839873860015359,-274.0,0.0,0.0,0.0,0.0,0.013,0.196,-0.183,0
right_kp0.004_ki0.001_-300,right,0.004,0.001,0.0,0,stop,0.4388145370030543,-274.0,0.0,0.0,0.01,0.0,0.017,0.263,-0.26,0
right_kp0.004_ki0.001_-300,right,0.004,0.001,0.0,0,stop,0.4938423480016354,0.0,0.0,0.0,0.0,0.0,0.014,0.215,-0.202,0
right_kp0.004_ki0.001_-300,right,0.004,0.001,0.0,0,stop,0.548817915001564,0.0,0.0,0.0,0.0,0.0,0.013,0.193,-0.205,0
right_kp0.004_ki0.001_-300,right,0.004,0.001,0.0,0,stop,0.6038117420030176,0.0,0.0,0.0,0.0,0.0,0.011,0.166,-0.182,0
right_kp0.004_ki0.001_-300,right,0.004,0.001,0.0,0,stop,0.6586791920017276,0.0,0.0,0.0,0.0,0.0,0.014,0.229,-0.211,0
right_kp0.004_ki0.001_-300,right,0.004,0.001,0.0,0,stop,0.716029070001241,0.0,0.0,0.0,0.0,0.0,0.012,0.185,-0.19,0
right_kp0.004_ki0.001_-300,right,0.004,0.001,0.0,0,stop,0.7709317930020916,0.0,0.0,0.0,0.0,0.0,0.014,0.226,-0.215,0
right_kp0.004_ki0.001_-300,right,0.004,0.001,0.0,0,stop,0.8260392730007879,0.0,0.0,0.0,0.0,0.0,0.013,0.204,-0.204,0
right_kp0.004_ki0.001_-300,right,0.004,0.001,0.0,0,stop,0.8809730900029535,0.0,0.0,0.0,0.0,0.0,0.014,0.227,-0.207,0
right_kp0.004_ki0.001_-300,right,0.004,0.001,0.0,0,stop,0.936040894001053,0.0,0.0,0.0,0.0,0.0,0.013,0.186,-0.199,0
right_kp0.004_ki0.001_-300,right,0.004,0.001,0.0,0,stop,0.9909702630029642,0.0,0.0,0.0,0.0,0.0,0.014,0.212,-0.21,0
right_kp0.004_ki0.001_-300,right,0.004,0.001,0.0,0,stop,1.0461601940005494,0.0,0.0,0.0,0.0,0.0,0.012,0.183,-0.177,0
right_kp0.004_ki0.001_-300,right,0.004,0.001,0.0,0,stop,1.1009815569996135,0.0,0.0,0.0,0.0,0.0,0.012,0.196,-0.177,0
right_kp0.004_ki0.001_-300,right,0.004,0.001,0.0,0,stop,1.1561092010015273,0.0,0.0,0.0,0.0,0.0,0.012,0.199,-0.172,0
right_kp0.004_ki0.0015_+300,right,0.004,0.0015,0.0,300,run,0.00030801899993093684,0.0,0.0,0.0,0.0,0.0,0.014,0.221,-0.191,0
right_kp0.004_ki0.0015_+300,right,0.004,0.0015,0.0,300,run,0.055188249996717786,0.0,0.38,0.02,0.38,0.04,0.137,2.888,-0.606,0
right_kp0.004_ki0.0015_+300,right,0.004,0.0015,0.0,300,run,0.11015793299884535,23.0,0.08,-0.01,0.1,0.0,0.027,0.441,-0.389,0
right_kp0.004_ki0.0015_+300,right,0.004,0.0015,0.0,300,run,0.1649411099970166,23.0,0.05,-0.02,0.06,0.0,0.064,1.363,0.015,0
right_kp0.004_ki0.0015_+300,right,0.004,0.0015,0.0,300,run,0.21982924499752698,260.0,0.41,0.02,0.41,0.04,0.107,2.221,-0.592,0
right_kp0.004_ki0.0015_+300,right,0.004,0.0015,0.0,300,run,0.27504046699687024,276.0,-0.08,0.0,0.1,0.0,-0.044,-0.907,-0.278,0
right_kp0.004_ki0.0015_+300,right,0.004,0.0015,0.0,300,run,0.3295799019979313,276.0,0.08,-0.02,0.16,0.0,0.084,1.798,0.103,0
right_kp0.004_ki0.0015_+300,right,0.004,0.0015,0.0,300,run,0.3843618399987463,267.0,0.32,0.04,0.33,0.04,0.082,1.636,-0.662,0
right_kp0.004_ki0.0015_+300,right,0.004,0.0015,0.0,300,run,0.43918867399770534,272.0,-0.13,-0.03,0.13,0.0,-0.039,-0.826,-0.191,0
right_kp0.004_ki0.0015_+300,right,0.004,0.0015,0.0,300,run,0.4943496679989039,544.0,0.3,-0.01,0.32,0.02,0.112,2.393,-0.144,0
right_kp0.004_ki0.0015_+300,right,0.004,0.0015,0.0,300,run,0.5491397969999525,471.0,0.07,0.0,0.08,0.02,0.017,0.362,0.031,0
right_kp0.004_ki0.0015_+300,right,0.004,0.0015,0.0,300,run,0.6039157710001746,471.0,0.19,0.0,0.19,0.0,0.091,1.938,-0.12,0
right_kp0.004_ki0.0015_+300,right,0.004,0.0015,0.0,300,run,0.6586285529992892,276.0,0.26,0.02,0.26,0.02,0.081,1.685,-0.458,0
right_kp0.004_ki0.0015_+300,right,0.004,0.0015,0.0,300,run,0.7134083719975024,230.0,0.06,-0.01,0.08,0.0,0.066,1.393,-0.288,0
right_kp0.004_ki0.0015_+300,right,0.004,0.0015,0.0,300,run,0.7683107259981625,230.0,0.27,-0.01,0.27,0.02,0.101,2.153,-0.156,0
right_kp0.004_ki0.0015_+300,right,0.004,0.0015,0.0,300,run,0.8231399279975449,261.0,0.18,0.02,0.19,0.02,0.032,0.445,-0.521,0
right_kp0.004_ki0.0015_+300,right,0.004,0.0015,0.0,300,run,0.8781227429972205,273.0,0.05,-0.02,0.07,0.0,0.036,0.74,-0.182,0
right_kp0.004_ki0.0015_+300,right,0.004,0.0015,0.0,300,run,0.9331556159995671,260.0,0.32,0.0,0.32,0.02,0.115,2.423,-0.508,0
right_kp0.004_ki0.0015_+300,right,0.004,0.0015,0.0,300,run,0.9880028419975133,258.0,0.06,0.01,0.08,0.0,0.027,0.4,-0.425,0
right_kp0.004_ki0.0015_+300,right,0.004,0.0015,0.0,300,run,1.0429678319997038,264.0,0.05,-0.01,0.07,0.0,0.041,0.883,-0.081,0
right_kp0.004_ki0.0015_+300,right,0.004,0.0015,0.0,300,run,1.0978890559999854,261.0,0.35,0.01,0.35,0.02,0.11,2.319,-0.488,0
right_kp0.004_ki0.0015_+300,right,0.004,0.0015,0.0,300,run,1.152921985998546,291.0,0.03,0.01,0.07,0.0,0.025,0.186,-0.508,0
right_kp0.004_ki0.0015_+300,right,0.004,0.0015,0.0,300,run,1.207770997996704,291.0,0.04,-0.03,0.11,0.0,0.069,1.475,-0.07,0
right_kp0.004_ki0.0015_+300,right,0.004,0.0015,0.0,300,run,1.262551956999232,264.0,0.39,0.03,0.39,0.04,0.098,1.987,-0.717,0
right_kp0.004_ki0.0015_+300,right,0.004,0.0015,0.0,300,run,1.317896454998845,285.0,-0.09,-0.01,0.1,0.0,-0.031,-0.522,-0.411,0
right_kp0.004_ki0.0015_+300,right,0.004,0.0015,0.0,300,run,1.372903598999983,284.0,0.24,-0.01,0.25,0.02,0.107,2.291,-0.244,0
right_kp0.004_ki0.0015_+300,right,0.004,0.0015,0.0,300,run,1.4276729709999927,275.0,0.15,0.02,0.17,0.02,0.035,0.489,-0.56,0
right_kp0.004_ki0.0015_+300,right,0.004,0.0015,0.0,300,run,1.4825870869972277,257.0,0.0,-0.02,0.03,0.0,0.034,0.692,-0.254,0
right_kp0.004_ki0.0015_+300,right,0.004,0.0015,0.0,0,stop,1.1680021998472512e-06,258.0,0.42,0.02,0.43,0.04,0.134,2.793,-0.717,0
right_kp0.004_ki0.0015_+300,right,0.004,0.0015,0.0,0,stop,0.05481899599908502,-308.0,-0.28,-0.02,0.39,0.02,-0.13,-2.742,-0.537,0
right_kp0.004_ki0.0015_+300,right,0.004,0.0015,0.0,0,stop,0.1094116700005543,-382.0,-0.02,0.0,0.33,0.02,0.091,1.928,-0.307,0
right_kp0.004_ki0.0015_+300,right,0.004,0.0015,0.0,0,stop,0.1642211979997228,495.0,0.17,0.0,0.21,0.02,-0.023,-0.435,-0.223,0
right_kp0.004_ki0.0015_+300,right,0.004,0.0015,0.0,0,stop,0.21918906200153288,495.0,-0.17,0.01,0.17,0.0,-0.045,-0.852,-0.474,0
right_kp0.004_ki0.0015_+300,right,0.004,0.0015,0.0,0,stop,0.2765839900021092,408.0,0.04,0.0,0.08,0.0,0.012,0.006,-0.257,0
right_kp0.004_ki0.0015_+300,right,0.004,0.0015,0.0,0,stop,0.3312048690022493,408.0,-0.03,0.0,0.03,0.0,-0.022,-0.314,-0.367,0
right_kp0.004_ki0.0015_+300,right,0.004,0.0015,0.0,0,stop,0.38624957100182655,408.0,-0.01,0.0,0.01,0.0,-0.019,-0.188,-0.35,0
right_kp0.004_ki0.0015_+300,right,0.004,0.0015,0.0,0,stop,0.44132933899891214,408.0,0.0,0.0,0.01,0.0,-0.016,-0.136,-0.312,0
right_kp0.004_ki0.0015_+300,right,0.004,0.0015,0.0,0,stop,0.4964064279993181,408.0,0.0,0.0,0.0,0.0,-0.013,-0.083,-0.268,0
right_kp0.004_ki0.0015_+300,right,0.004,0.0015,0.0,0,stop,0.5513613959992654,408.0,0.0,0.0,0.0,0.0,-0.01,-0.054,-0.218,0
right_kp0.004_ki0.0015_+300,right,0.004,0.0015,0.0,0,stop,0.6063402740001038,408.0,0.0,0.0,0.0,0.0,-0.012,-0.039,-0.248,0
right_kp0.004_ki0.0015_+300,right,0.004,0.0015,0.0,0,stop,0.6622431440009677,408.0,0.0,0.0,0.0,0.0,-0.021,-0.083,-0.449,0
right_kp0.004_ki0.0015_+300,right,0.004,0.0015,0.0,0,stop,0.7172139950016572,408.0,0.0,0.0,0.0,0.0,-0.014,-0.102,-0.287,0
right_kp0.004_ki0.0015_+300,right,0.004,0.0015,0.0,0,stop,0.7725016209988098,0.0,0.0,0.0,0.0,0.0,-0.026,-0.113,-0.558,0
right_kp0.004_ki0.0015_+300,right,0.004,0.0015,0.0,0,stop,0.8275980840007833,0.0,0.0,0.0,0.0,0.0,-0.016,-0.106,-0.32,0
right_kp0.004_ki0.0015_+300,right,0.004,0.0015,0.0,0,stop,0.8824867030016321,0.0,0.0,0.0,0.01,0.0,-0.015,-0.097,-0.298,0
right_kp0.004_ki0.0015_+300,right,0.004,0.0015,0.0,0,stop,0.9374341559996537,0.0,0.0,0.0,0.0,0.0,-0.016,-0.103,-0.32,0
right_kp0.004_ki0.0015_+300,right,0.004,0.0015,0.0,0,stop,0.9924548670023796,0.0,0.0,0.0,0.01,0.0,-0.014,-0.116,-0.268,0
right_kp0.004_ki0.0015_+300,right,0.004,0.0015,0.0,0,stop,1.0475714999993215,0.0,0.0,0.0,0.0,0.0,-0.013,-0.092,-0.253,0
right_kp0.004_ki0.0015_+300,right,0.004,0.0015,0.0,0,stop,1.1022145780007122,0.0,0.0,0.0,0.0,0.0,-0.011,-0.069,-0.218,0
right_kp0.004_ki0.0015_+300,right,0.004,0.0015,0.0,0,stop,1.157391347001976,0.0,0.0,0.0,0.0,0.0,-0.015,-0.092,-0.304,0
right_kp0.004_ki0.0015_-300,right,0.004,0.0015,0.0,-300,run,0.0003466180023679044,0.0,0.0,0.0,0.0,0.0,-0.012,-0.078,-0.235,0
right_kp0.004_ki0.0015_-300,right,0.004,0.0015,0.0,-300,run,0.0551723070020671,0.0,-0.34,0.02,0.34,0.04,-0.121,-2.513,-0.647,0
right_kp0.004_ki0.0015_-300,right,0.004,0.0015,0.0,-300,run,0.11023161600314779,-31.0,-0.05,0.0,0.07,0.0,-0.027,-0.238,-0.531,0
right_kp0.004_ki0.0015_-300,right,0.004,0.0015,0.0,-300,run,0.16509419800058822,-31.0,-0.04,-0.02,0.09,0.0,-0.07,-1.496,-0.157,0
right_kp0.004_ki0.0015_-300,right,0.004,0.0015,0.0,-300,run,0.21982740300154546,-263.0,-0.39,0.03,0.4,0.04,-0.101,-2.048,-0.681,0
right_kp0.004_ki0.0015_-300,right,0.004,0.0015,0.0,-300,run,0.2746479930028727,-258.0,0.03,-0.01,0.05,0.0,0.045,0.906,-0.347,0
right_kp0.004_ki0.0015_-300,right,0.004,0.0015,0.0,-300,run,0.32923209500222583,-392.0,-0.26,0.0,0.3,0.02,-0.116,-2.488,-0.197,0
right_kp0.004_ki0.0015_-300,right,0.004,0.0015,0.0,-300,run,0.3837159700015036,-438.0,-0.14,0.02,0.15,0.02,-0.046,-0.774,-0.606,0
right_kp0.004_ki0.0015_-300,right,0.004,0.0015,0.0,-300,run,0.4396715260008932,-438.0,-0.05,-0.03,0.1,0.0,-0.064,-1.379,-0.089,0
right_kp0.004_ki0.0015_-300,right,0.004,0.0015,0.0,-300,run,0.4943463720010186,-270.0,-0.37,0.01,0.37,0.02,-0.091,-1.894,-0.441,0
right_kp0.004_ki0.0015_-300,right,0.004,0.0015,0.0,-300,run,0.5489417320022767,-237.0,0.0,-0.01,0.02,0.0,-0.05,-1.043,-0.287,0
right_kp0.004_ki0.0015_-300,right,0.004,0.0015,0.0,-300,run,0.6034575900011987,-237.0,-0.16,-0.02,0.16,0.0,-0.068,-1.465,-0.009,0
right_kp0.004_ki0.0015_-300,right,0.004,0.0015,0.0,-300,run,0.6580232430023898,-243.0,-0.43,0.05,0.44,0.04,-0.112,-2.225,-0.885,0
right_kp0.004_ki0.0015_-300,right,0.004,0.0015,0.0,-300,run,0.7138629450018925,-287.0,0.1,-0.03,0.12,0.0,0.047,0.981,-0.194,0
right_kp0.004_ki0.0015_-300,right,0.004,0.0015,0.0,-300,run,0.7684337179998693,-287.0,-0.14,0.0,0.18,0.02,-0.104,-2.222,-0.169,0
right_kp0.004_ki0.0015_-300,right,0.004,0.0015,0.0,-300,run,0.8230775740012177,-275.0,-0.25,0.03,0.26,0.04,-0.037,-0.522,-0.604,0
right_kp0.004_ki0.0015_-300,right,0.004,0.0015,0.0,-300,run,0.8777757930001826,-270.0,0.05,-0.02,0.07,0.0,-0.016,-0.086,-0.337,0
right_kp0.004_ki0.0015_-300,right,0.004,0.0015,0.0,-300,run,0.9324453959998209,-275.0,-0.39,0.01,0.39,0.04,-0.126,-2.632,-0.665,0
right_kp0.004_ki0.0015_-300,right,0.004,0.0015,0.0,-300,run,0.987086838002142,-264.0,-0.05,0.01,0.1,0.02,-0.03,-0.116,-0.641,0
right_kp0.004_ki0.0015_-300,right,0.004,0.0015,0.0,-300,run,1.0418160629997146,-264.0,0.02,-0.03,0.08,0.0,-0.055,-1.17,-0.065,0
right_kp0.004_ki0.0015_-300,right,0.004,0.0015,0.0,-300,run,1.096283097002015,-263.0,-0.43,0.03,0.43,0.04,-0.121,-2.475,-0.813,0
right_kp0.004_ki0.0015_-300,right,0.004,0.0015,0.0,-300,run,1.1514997800004494,-277.0,0.03,-0.02,0.11,0.0,0.036,0.654,-0.401,0
right_kp0.004_ki0.0015_-300,right,0.004,0.0015,0.0,-300,run,1.206145436000952,-277.0,-0.08,-0.01,0.16,0.02,-0.09,-1.916,-0.158,0
right_kp0.004_ki0.0015_-300,right,0.004,0.0015,0.0,-300,run,1.2606956900017394,-276.0,-0.32,0.04,0.33,0.04,-0.071,-1.327,-0.745,0
right_kp0.004_ki0.0015_-300,right,0.004,0.0015,0.0,-300,run,1.315246850001131,-277.0,0.08,-0.03,0.09,0.0,0.015,0.178,-0.274,0
right_kp0.004_ki0.0015_-300,right,0.004,0.0015,0.0,-300,run,1.3699406449995877,-274.0,-0.36,0.0,0.36,0.02,-0.119,-2.52,-0.466,0
right_kp0.004_ki0.0015_-300,right,0.004,0.0015,0.0,-300,run,1.4245473350019893,-273.0,-0.12,0.03,0.18,0.02,-0.029,-0.092,-0.61,0
right_kp0.004_ki0.0015_-300,right,0.004,0.0015,0.0,-300,run,1.4791351330022735,-261.0,0.04,-0.03,0.08,0.0,-0.044,-0.929,-0.105,0
right_kp0.004_ki0.0015_-300,right,0.004,0.0015,0.0,0,stop,4.5499837142415345e-07,-268.0,-0.45,0.04,0.46,0.04,-0.135,-2.748,-0.913,0
right_kp0.004_ki0.0015_-300,right,0.004,0.0015,0.0,0,stop,0.05458423999880324,-269.0,0.27,-0.04,0.34,0.02,0.108,2.311,-0.139,0
right_kp0.004_ki0.0015_-300,right,0.004,0.0015,0.0,0,stop,0.10919052299868781,248.0,0.09,0.0,0.26,0.02,-0.076,-1.613,-0.282,0
right_kp0.004_ki0.0015_-300,right,0.004,0.0015,0.0,0,stop,0.1639096349972533,-195.0,-0.17,0.0,0.18,0.02,0.022,0.185,-0.43,0
right_kp0.004_ki0.0015_-300,right,0.004,0.0015,0.0,0,stop,0.2190054759994382,479.0,0.22,-0.01,0.23,0.02,0.065,1.385,-0.185,0
right_kp0.004_ki0.0015_-300,right,0.004,0.0015,0.0,0,stop,0.2738075699999172,-233.0,-0.15,0.01,0.17,0.02,-0.072,-1.523,-0.295,0
right_kp0.004_ki0.0015_-300,right,0.004,0.0015,0.0,0,stop,0.32864307499767165,-233.0,0.01,-0.01,0.04,0.0,0.025,0.521,-0.109,0
right_kp0.004_ki0.0015_-300,right,0.004,0.0015,0.0,0,stop,0.38334112399752485,-233.0,0.01,0.0,0.01,0.0,0.016,0.32,-0.102,0
right_kp0.004_ki0.0015_-300,right,0.004,0.0015,0.0,0,stop,0.4382129999976314,-233.0,0.0,0.0,0.01,0.0,0.011,0.208,-0.128,0
right_kp0.004_ki0.0015_-300,right,0.004,0.0015,0.0,0,stop,0.49329613499867264,-233.0,0.0,0.0,0.0,0.0,0.012,0.193,-0.164,0
right_kp0.004_ki0.0015_-300,right,0.004,0.0015,0.0,0,stop,0.548552023999946,-233.0,0.0,0.0,0.01,0.0,0.013,0.199,-0.185,0
right_kp0.004_ki0.0015_-300,right,0.004,0.0015,0.0,0,stop,0.6038464779994683,-233.0,0.0,0.0,0.0,0.0,0.012,0.196,-0.169,0
right_kp0.004_ki0.0015_-300,right,0.004,0.0015,0.0,0,stop,0.6584629679964564,-233.0,0.0,0.0,0.0,0.0,0.013,0.201,-0.179,0
right_kp0.004_ki0.0015_-300,right,0.004,0.0015,0.0,0,stop,0.7133004119968973,-233.0,0.0,0.0,0.0,0.0,0.011,0.183,-0.161,0
right_kp0.004_ki0.0015_-300,right,0.004,0.0015,0.0,0,stop,0.7681442839966621,0.0,0.0,0.0,0.0,0.0,0.012,0.205,-0.166,0
right_kp0.004_ki0.0015_-300,right,0.004,0.0015,0.0,0,stop,0.823025660996791,0.0,0.0,0.0,0.0,0.0,0.011,0.171,-0.168,0
right_kp0.004_ki0.0015_-300,right,0.004,0.0015,0.0,0,stop,0.8780511049990309,0.0,0.0,0.0,0.0,0.0,0.013,0.207,-0.188,0
right_kp0.004_ki0.0015_-300,right,0.004,0.0015,0.0,0,stop,0.9329253149990109,0.0,0.0,0.0,0.0,0.0,0.011,0.16,-0.182,0
right_kp0.004_ki0.0015_-300,right,0.004,0.0015,0.0,0,stop,0.9879534499996225,0.0,0.0,0.0,0.0,0.0,0.013,0.212,-0.185,0
right_kp0.004_ki0.0015_-300,right,0.004,0.0015,0.0,0,stop,1.0427903839990904,0.0,0.0,0.0,0.0,0.0,0.017,0.279,-0.249,0
right_kp0.004_ki0.0015_-300,right,0.004,0.0015,0.0,0,stop,1.0976368489973538,0.0,0.0,0.0,0.0,0.0,0.012,0.19,-0.172,0
right_kp0.004_ki0.0015_-300,right,0.004,0.0015,0.0,0,stop,1.1521925659981207,0.0,0.0,0.0,0.0,0.0,0.013,0.194,-0.191,0
